,studrollno,SubName,per_lect
2692,19-7003,chemistry,96.875
2693,19-7003,evs,100.0
2694,19-7003,ge:botany,92.3076923076923
2695,19-7003,maths,100.0
2696,19-7003,physics,96.66666666666667
2697,19-7006,chemistry,84.375
2698,19-7006,evs,73.33333333333333
2699,19-7006,ge:history,78.57142857142857
2700,19-7006,maths,75.0
2701,19-7006,physics,96.66666666666667
2702,19-7007,chemistry,93.75
2703,19-7007,evs,93.33333333333333
2704,19-7007,ge:electronics,100.0
2705,19-7007,maths,79.16666666666666
2706,19-7007,physics,90.0
2707,19-7016,chemistry,93.75
2708,19-7016,evs,93.33333333333333
2709,19-7016,ge:electronics,100.0
2710,19-7016,maths,70.83333333333334
2711,19-7016,physics,90.0
2712,19-7018,chemistry,87.5
2713,19-7018,evs,80.0
2714,19-7018,ge:psychology,93.33333333333333
2715,19-7018,maths,70.83333333333334
2716,19-7018,physics,96.66666666666667
2717,19-7019,chemistry,84.375
2718,19-7019,evs,46.666666666666664
2719,19-7019,ge:psychology,80.0
2720,19-7019,maths,4.166666666666666
2721,19-7019,physics,70.0
2722,19-7021,chemistry,96.875
2723,19-7021,evs,80.0
2724,19-7021,ge:electronics,100.0
2725,19-7021,maths,83.33333333333334
2726,19-7021,physics,93.33333333333333
2727,19-7022,chemistry,96.875
2728,19-7022,evs,93.33333333333333
2729,19-7022,ge:psychology,100.0
2730,19-7022,maths,87.5
2731,19-7022,physics,93.33333333333333
2732,19-7023,chemistry,100.0
2733,19-7023,evs,86.66666666666667
2734,19-7023,ge:english,100.0
2735,19-7023,maths,100.0
2736,19-7023,physics,100.0
2737,19-7027,chemistry,84.375
2738,19-7027,evs,100.0
2739,19-7027,ge:english,86.66666666666667
2740,19-7027,maths,83.33333333333334
2741,19-7027,physics,86.66666666666667
2742,19-7028,chemistry,96.875
2743,19-7028,evs,100.0
2744,19-7028,ge:psychology,100.0
2745,19-7028,maths,91.66666666666666
2746,19-7028,physics,100.0
2747,19-7029,chemistry,3.125
2748,19-7029,evs,6.666666666666667
2749,19-7029,ge:english,0.0
2750,19-7029,maths,4.166666666666666
2751,19-7029,physics,53.333333333333336
2752,19-7030,chemistry,96.875
2753,19-7030,evs,93.33333333333333
2754,19-7030,ge:botany,100.0
2755,19-7030,maths,95.83333333333334
2756,19-7030,physics,100.0
2757,19-7035,chemistry,100.0
2758,19-7035,evs,100.0
2759,19-7035,ge:cs,95.0
2760,19-7035,maths,100.0
2761,19-7035,physics,100.0
2762,19-7037,chemistry,84.375
2763,19-7037,evs,60.0
2764,19-7037,ge:psychology,60.0
2765,19-7037,maths,62.5
2766,19-7037,physics,79.41176470588235
2767,19-7040,chemistry,100.0
2768,19-7040,evs,86.66666666666667
2769,19-7040,ge:english,93.33333333333333
2770,19-7040,maths,87.5
2771,19-7040,physics,94.11764705882352
2772,19-7046,chemistry,84.375
2773,19-7046,evs,46.666666666666664
2774,19-7046,ge:electronics,100.0
2775,19-7046,maths,75.0
2776,19-7046,physics,70.58823529411765
2777,19-7048,chemistry,87.5
2778,19-7048,evs,80.0
2779,19-7048,ge:cs,80.0
2780,19-7048,maths,66.66666666666666
2781,19-7048,physics,91.17647058823529
2782,19-7051,chemistry,96.875
2783,19-7051,evs,86.66666666666667
2784,19-7051,ge:botany,92.3076923076923
2785,19-7051,maths,91.66666666666666
2786,19-7051,physics,97.05882352941177
2787,19-7052,chemistry,100.0
2788,19-7052,evs,86.66666666666667
2789,19-7052,ge:botany,92.3076923076923
2790,19-7052,maths,87.5
2791,19-7052,physics,97.05882352941177
2792,19-7054,chemistry,90.625
2793,19-7054,evs,93.33333333333333
2794,19-7054,ge:psychology,100.0
2795,19-7054,maths,87.5
2796,19-7054,physics,79.41176470588235
2797,19-7055,chemistry,100.0
2798,19-7055,evs,100.0
2799,19-7055,ge:cs,95.0
2800,19-7055,maths,100.0
2801,19-7055,physics,97.05882352941177
2802,19-7056,chemistry,96.875
2803,19-7056,evs,100.0
2804,19-7056,ge:botany,100.0
2805,19-7056,maths,91.66666666666666
2806,19-7056,physics,94.11764705882352
2807,19-7057,chemistry,96.875
2808,19-7057,evs,100.0
2809,19-7057,ge:english,100.0
2810,19-7057,maths,91.66666666666666
2811,19-7057,physics,82.35294117647058
2812,19-7059,chemistry,93.75
2813,19-7059,evs,86.66666666666667
2814,19-7059,ge:psychology,93.33333333333333
2815,19-7059,maths,91.66666666666666
2816,19-7059,physics,97.05882352941177
2817,19-7061,chemistry,96.875
2818,19-7061,evs,93.33333333333333
2819,19-7061,ge:marathi,87.5
2820,19-7061,maths,91.66666666666666
2821,19-7061,physics,97.05882352941177
2822,19-7062,chemistry,100.0
2823,19-7062,evs,86.66666666666667
2824,19-7062,ge:electronics,100.0
2825,19-7062,maths,87.5
2826,19-7062,physics,94.11764705882352
2827,19-7063,chemistry,100.0
2828,19-7063,evs,86.66666666666667
2829,19-7063,ge:botany,100.0
2830,19-7063,maths,100.0
2831,19-7063,physics,97.05882352941177
2832,19-7067,chemistry,100.0
2833,19-7067,evs,93.33333333333333
2834,19-7067,ge:botany,84.61538461538461
2835,19-7067,maths,96.0
2836,19-7067,physics,97.05882352941177
2837,19-7068,chemistry,81.25
2838,19-7068,evs,93.33333333333333
2839,19-7068,ge:konkani,81.81818181818183
2840,19-7068,maths,84.0
2841,19-7068,physics,91.17647058823529
2842,19-7074,chemistry,87.5
2843,19-7074,evs,93.33333333333333
2844,19-7074,ge:botany,92.3076923076923
2845,19-7074,maths,92.0
2846,19-7074,physics,85.29411764705883
2847,19-7076,chemistry,100.0
2848,19-7076,evs,93.33333333333333
2849,19-7076,ge:botany,100.0
2850,19-7076,maths,100.0
2851,19-7076,physics,100.0
2852,19-7078,chemistry,90.625
2853,19-7078,evs,66.66666666666666
2854,19-7078,ge:psychology,66.66666666666666
2855,19-7078,maths,84.0
2856,19-7078,physics,91.17647058823529
2857,19-7079,chemistry,81.25
2858,19-7079,evs,86.66666666666667
2859,19-7079,ge:psychology,80.0
2860,19-7079,maths,100.0
2861,19-7079,physics,97.05882352941177
2862,19-7080,chemistry,93.75
2863,19-7080,evs,93.33333333333333
2864,19-7080,ge:english,86.66666666666667
2865,19-7080,maths,84.0
2866,19-7080,physics,94.11764705882352
2867,19-7081,chemistry,96.875
2868,19-7081,evs,93.33333333333333
2869,19-7081,ge:botany,100.0
2870,19-7081,maths,100.0
2871,19-7081,physics,100.0
2872,19-7082,chemistry,100.0
2873,19-7082,evs,100.0
2874,19-7082,ge:cs,95.0
2875,19-7082,maths,100.0
2876,19-7082,physics,100.0
2877,19-7083,chemistry,3.125
2878,19-7083,evs,0.0
2879,19-7083,ge:botany,84.61538461538461
2880,19-7083,maths,24.0
2881,19-7083,physics,58.82352941176471
2882,19-7085,chemistry,100.0
2883,19-7085,evs,93.33333333333333
2884,19-7085,ge:hindi,100.0
2885,19-7085,maths,92.0
2886,19-7085,physics,94.11764705882352
2887,19-7201,botany,90.9090909090909
2888,19-7201,chemistry,90.625
2889,19-7201,evs,80.0
2890,19-7201,ge:marathi,87.5
2891,19-7201,physics,93.33333333333333
2892,19-7203,botany,100.0
2893,19-7203,chemistry,100.0
2894,19-7203,evs,100.0
2895,19-7203,ge:english,100.0
2896,19-7203,physics,100.0
2897,19-7204,botany,100.0
2898,19-7204,chemistry,100.0
2899,19-7204,evs,93.33333333333333
2900,19-7204,ge:psychology,100.0
2901,19-7204,physics,83.33333333333334
2902,19-7205,botany,87.87878787878788
2903,19-7205,chemistry,90.625
2904,19-7205,evs,80.0
2905,19-7205,ge:maths,85.71428571428571
2906,19-7205,physics,86.66666666666667
2907,19-7206,botany,87.87878787878788
2908,19-7206,chemistry,96.875
2909,19-7206,evs,80.0
2910,19-7206,ge:marathi,87.5
2911,19-7206,physics,100.0
2912,19-7207,botany,81.81818181818183
2913,19-7207,chemistry,96.875
2914,19-7207,evs,66.66666666666666
2915,19-7207,ge:cs,77.77777777777779
2916,19-7207,physics,86.66666666666667
2917,19-7208,botany,75.75757575757575
2918,19-7208,chemistry,84.375
2919,19-7208,evs,60.0
2920,19-7208,ge:marathi,81.25
2921,19-7208,physics,80.0
2922,19-7209,botany,93.93939393939394
2923,19-7209,chemistry,100.0
2924,19-7209,evs,80.0
2925,19-7209,ge:english,100.0
2926,19-7209,physics,96.66666666666667
2927,19-7212,botany,90.9090909090909
2928,19-7212,chemistry,96.875
2929,19-7212,evs,93.33333333333333
2930,19-7212,ge:maths,100.0
2931,19-7212,physics,93.33333333333333
2932,19-7216,botany,72.72727272727273
2933,19-7216,chemistry,93.75
2934,19-7216,evs,73.33333333333333
2935,19-7216,ge:philosophy,100.0
2936,19-7216,physics,80.0
2937,19-7217,botany,75.75757575757575
2938,19-7217,chemistry,87.5
2939,19-7217,evs,80.0
2940,19-7217,ge:maths,100.0
2941,19-7217,physics,80.0
2942,19-7218,botany,90.9090909090909
2943,19-7218,chemistry,96.875
2944,19-7218,evs,66.66666666666666
2945,19-7218,ge:electronics,100.0
2946,19-7218,physics,86.66666666666667
2947,19-7220,botany,57.57575757575758
2948,19-7220,chemistry,71.875
2949,19-7220,evs,53.333333333333336
2950,19-7220,ge:maths,76.19047619047619
2951,19-7220,physics,80.0
2952,19-7221,botany,84.84848484848484
2953,19-7221,chemistry,93.75
2954,19-7221,evs,80.0
2955,19-7221,ge:psychology,86.66666666666667
2956,19-7221,physics,93.33333333333333
2957,19-7222,botany,90.9090909090909
2958,19-7222,chemistry,96.875
2959,19-7222,evs,73.33333333333333
2960,19-7222,ge:marathi,81.25
2961,19-7222,physics,93.33333333333333
2962,19-7223,botany,72.72727272727273
2963,19-7223,chemistry,78.125
2964,19-7223,evs,33.33333333333333
2965,19-7223,ge:marathi,62.5
2966,19-7223,physics,56.666666666666664
2967,19-7224,botany,84.84848484848484
2968,19-7224,chemistry,87.5
2969,19-7224,evs,86.66666666666667
2970,19-7224,ge:maths,90.47619047619048
2971,19-7224,physics,93.33333333333333
2972,19-7226,botany,90.9090909090909
2973,19-7226,chemistry,93.75
2974,19-7226,evs,73.33333333333333
2975,19-7226,ge:cs,77.77777777777779
2976,19-7226,physics,83.33333333333334
2977,19-7227,botany,100.0
2978,19-7227,chemistry,93.75
2979,19-7227,evs,60.0
2980,19-7227,ge:philosophy,100.0
2981,19-7227,physics,43.333333333333336
2982,19-7228,botany,100.0
2983,19-7228,chemistry,100.0
2984,19-7228,evs,86.66666666666667
2985,19-7228,ge:maths,95.23809523809523
2986,19-7228,physics,93.33333333333333
2987,19-7229,botany,96.96969696969697
2988,19-7229,chemistry,78.125
2989,19-7229,evs,66.66666666666666
2990,19-7229,ge:electronics,100.0
2991,19-7229,physics,86.66666666666667
2992,19-7230,botany,96.96969696969697
2993,19-7230,chemistry,93.75
2994,19-7230,evs,93.33333333333333
2995,19-7230,ge:geography,94.11764705882352
2996,19-7230,physics,100.0
2997,19-7231,botany,84.84848484848484
2998,19-7231,chemistry,68.75
2999,19-7231,evs,60.0
3000,19-7231,ge:maths,57.14285714285714
3001,19-7231,physics,70.0
3002,19-7232,botany,87.87878787878788
3003,19-7232,chemistry,93.75
3004,19-7232,evs,73.33333333333333
3005,19-7232,ge:marathi,75.0
3006,19-7232,physics,76.66666666666667
3007,19-7233,botany,96.96969696969697
3008,19-7233,chemistry,81.25
3009,19-7233,evs,66.66666666666666
3010,19-7233,ge:marathi,75.0
3011,19-7233,physics,83.33333333333334
3012,19-7234,botany,81.81818181818183
3013,19-7234,chemistry,50.0
3014,19-7234,evs,46.666666666666664
3015,19-7234,ge:electronics,100.0
3016,19-7234,physics,30.0
3017,19-7237,botany,96.96969696969697
3018,19-7237,chemistry,100.0
3019,19-7237,evs,93.33333333333333
3020,19-7237,ge:electronics,100.0
3021,19-7237,physics,100.0
3022,19-7238,botany,90.9090909090909
3023,19-7238,chemistry,96.875
3024,19-7238,evs,86.66666666666667
3025,19-7238,ge:english,73.33333333333333
3026,19-7238,physics,80.0
3027,19-7240,botany,90.9090909090909
3028,19-7240,chemistry,100.0
3029,19-7240,evs,80.0
3030,19-7240,ge:electronics,100.0
3031,19-7240,physics,93.33333333333333
3032,19-7242,botany,96.96969696969697
3033,19-7242,chemistry,96.875
3034,19-7242,evs,100.0
3035,19-7242,ge:philosophy,100.0
3036,19-7242,physics,90.0
3037,19-7246,botany,96.96969696969697
3038,19-7246,chemistry,96.875
3039,19-7246,evs,80.0
3040,19-7246,ge:maths,95.23809523809523
3041,19-7246,physics,93.33333333333333
3042,19-7248,botany,81.81818181818183
3043,19-7248,chemistry,87.5
3044,19-7248,evs,53.333333333333336
3045,19-7248,ge:maths,42.857142857142854
3046,19-7248,physics,83.33333333333334
3047,19-7251,botany,90.9090909090909
3048,19-7251,chemistry,96.875
3049,19-7251,evs,66.66666666666666
3050,19-7251,ge:psychology,93.33333333333333
3051,19-7251,physics,96.66666666666667
3052,19-7252,botany,81.81818181818183
3053,19-7252,chemistry,75.0
3054,19-7252,evs,53.333333333333336
3055,19-7252,ge:maths,57.14285714285714
3056,19-7252,physics,66.66666666666666
3057,19-7254,botany,93.93939393939394
3058,19-7254,chemistry,81.25
3059,19-7254,evs,73.33333333333333
3060,19-7254,ge:english,100.0
3061,19-7254,physics,96.66666666666667
3062,19-7257,botany,81.81818181818183
3063,19-7257,chemistry,87.5
3064,19-7257,evs,66.66666666666666
3065,19-7257,ge:marathi,75.0
3066,19-7257,physics,93.33333333333333
3067,19-7258,botany,93.93939393939394
3068,19-7258,chemistry,96.875
3069,19-7258,evs,86.66666666666667
3070,19-7258,ge:psychology,93.33333333333333
3071,19-7258,physics,100.0
3072,19-7259,botany,100.0
3073,19-7259,chemistry,81.25
3074,19-7259,evs,86.66666666666667
3075,19-7259,ge:psychology,93.33333333333333
3076,19-7259,physics,93.33333333333333
3077,19-7260,botany,100.0
3078,19-7260,chemistry,84.375
3079,19-7260,evs,100.0
3080,19-7260,ge:cs,100.0
3081,19-7260,physics,100.0
3082,19-7261,botany,72.72727272727273
3083,19-7261,chemistry,71.875
3084,19-7261,evs,66.66666666666666
3085,19-7261,ge:english,93.33333333333333
3086,19-7261,physics,86.66666666666667
3087,19-7262,botany,96.96969696969697
3088,19-7262,chemistry,75.0
3089,19-7262,evs,73.33333333333333
3090,19-7262,ge:hindi,90.0
3091,19-7262,physics,86.66666666666667
3092,19-7263,botany,96.96969696969697
3093,19-7263,chemistry,93.75
3094,19-7263,evs,86.66666666666667
3095,19-7263,ge:psychology,73.33333333333333
3096,19-7263,physics,96.66666666666667
3097,19-7264,botany,96.96969696969697
3098,19-7264,chemistry,93.75
3099,19-7264,evs,73.33333333333333
3100,19-7264,ge:psychology,100.0
3101,19-7264,physics,100.0
3102,19-7302,cs,74.07407407407408
3103,19-7302,evs,80.0
3104,19-7302,ge:sociology,100.0
3105,19-7302,maths,92.0
3106,19-7302,physics,88.23529411764706
3107,19-7304,cs,85.18518518518519
3108,19-7304,evs,93.33333333333333
3109,19-7304,ge:electronics,100.0
3110,19-7304,maths,96.0
3111,19-7304,physics,100.0
3112,19-7309,cs,96.29629629629629
3113,19-7309,evs,80.0
3114,19-7309,ge:marketing management,100.0
3115,19-7309,maths,76.0
3116,19-7309,physics,97.05882352941177
3117,19-7310,cs,81.48148148148148
3118,19-7310,evs,93.33333333333333
3119,19-7310,ge:electronics,100.0
3120,19-7310,maths,100.0
3121,19-7310,physics,100.0
3122,19-7311,cs,81.48148148148148
3123,19-7311,evs,86.66666666666667
3124,19-7311,ge:hindi,90.0
3125,19-7311,maths,92.0
3126,19-7311,physics,97.05882352941177
3127,19-7312,cs,92.5925925925926
3128,19-7312,evs,86.66666666666667
3129,19-7312,ge:english,73.33333333333333
3130,19-7312,maths,92.0
3131,19-7312,physics,97.05882352941177
3132,19-7313,cs,92.5925925925926
3133,19-7313,evs,100.0
3134,19-7313,ge:french,100.0
3135,19-7313,maths,92.0
3136,19-7313,physics,97.05882352941177
3137,19-7314,cs,96.29629629629629
3138,19-7314,evs,86.66666666666667
3139,19-7314,ge:french,100.0
3140,19-7314,maths,92.0
3141,19-7314,physics,97.05882352941177
3142,19-7318,cs,85.18518518518519
3143,19-7318,evs,100.0
3144,19-7318,ge:electronics,100.0
3145,19-7318,maths,88.0
3146,19-7318,physics,100.0
3147,19-7319,cs,96.29629629629629
3148,19-7319,evs,100.0
3149,19-7319,ge:english,93.33333333333333
3150,19-7319,maths,100.0
3151,19-7319,physics,100.0
3152,19-7324,cs,70.37037037037037
3153,19-7324,evs,86.66666666666667
3154,19-7324,ge:electronics,100.0
3155,19-7324,maths,84.0
3156,19-7324,physics,94.11764705882352
3157,19-7327,cs,100.0
3158,19-7327,evs,100.0
3159,19-7327,ge:chemistry,100.0
3160,19-7327,maths,100.0
3161,19-7327,physics,100.0
3162,19-7330,cs,100.0
3163,19-7330,evs,93.33333333333333
3164,19-7330,ge:ppa,100.0
3165,19-7330,maths,92.0
3166,19-7330,physics,91.17647058823529
3167,19-7335,cs,100.0
3168,19-7335,evs,80.0
3169,19-7335,ge:english,93.33333333333333
3170,19-7335,maths,100.0
3171,19-7335,physics,94.11764705882352
3172,19-7336,cs,96.29629629629629
3173,19-7336,evs,100.0
3174,19-7336,ge:english,100.0
3175,19-7336,maths,100.0
3176,19-7336,physics,100.0
3177,19-7342,cs,74.07407407407408
3178,19-7342,evs,100.0
3179,19-7342,ge:electronics,100.0
3180,19-7342,maths,96.0
3181,19-7342,physics,73.52941176470588
3182,19-7401,cs,89.65517241379311
3183,19-7401,electronics,100.0
3184,19-7401,evs,73.33333333333333
3185,19-7401,ge:english,86.66666666666667
3186,19-7401,physics,82.35294117647058
3187,19-7402,cs,72.41379310344827
3188,19-7402,electronics,78.57142857142857
3189,19-7402,evs,86.66666666666667
3190,19-7402,ge:botany,92.3076923076923
3191,19-7402,physics,61.76470588235294
3192,19-7403,cs,79.3103448275862
3193,19-7403,electronics,100.0
3194,19-7403,evs,66.66666666666666
3195,19-7403,ge:marathi,81.25
3196,19-7403,physics,76.47058823529412
3197,19-7404,cs,100.0
3198,19-7404,electronics,92.85714285714286
3199,19-7404,evs,73.33333333333333
3200,19-7404,ge:maths,90.47619047619048
3201,19-7404,physics,82.35294117647058
3202,19-7406,cs,75.86206896551724
3203,19-7406,electronics,89.28571428571429
3204,19-7406,evs,60.0
3205,19-7406,ge:botany,84.61538461538461
3206,19-7406,ge:psychology,100.0
3207,19-7406,physics,94.11764705882352
3208,19-7407,cs,62.06896551724138
3209,19-7407,electronics,92.85714285714286
3210,19-7407,evs,86.66666666666667
3211,19-7407,ge:english,100.0
3212,19-7407,physics,73.52941176470588
3213,19-7408,cs,100.0
3214,19-7408,electronics,96.42857142857143
3215,19-7408,evs,80.0
3216,19-7408,ge:english,100.0
3217,19-7408,physics,100.0
3218,19-7409,cs,58.620689655172406
3219,19-7409,electronics,60.71428571428571
3220,19-7409,evs,73.33333333333333
3221,19-7409,ge:english,100.0
3222,19-7409,physics,85.29411764705883
3223,19-7411,cs,79.3103448275862
3224,19-7411,electronics,78.57142857142857
3225,19-7411,evs,80.0
3226,19-7411,ge:maths,76.19047619047619
3227,19-7411,physics,85.29411764705883
3228,19-7412,cs,89.65517241379311
3229,19-7412,electronics,89.28571428571429
3230,19-7412,evs,66.66666666666666
3231,19-7412,ge:maths,85.71428571428571
3232,19-7412,physics,76.47058823529412
3233,19-7414,cs,82.75862068965517
3234,19-7414,electronics,78.57142857142857
3235,19-7414,evs,86.66666666666667
3236,19-7414,ge:portuguese,100.0
3237,19-7414,physics,67.64705882352942
3238,19-7415,cs,96.55172413793103
3239,19-7415,electronics,100.0
3240,19-7415,evs,73.33333333333333
3241,19-7415,ge:chemistry,100.0
3242,19-7415,physics,100.0
3243,19-7417,cs,72.41379310344827
3244,19-7417,electronics,96.42857142857143
3245,19-7417,evs,93.33333333333333
3246,19-7417,ge:chemistry,100.0
3247,19-7417,physics,100.0
3248,19-7419,cs,65.51724137931035
3249,19-7419,electronics,82.14285714285714
3250,19-7419,evs,93.33333333333333
3251,19-7419,ge:chemistry,93.75
3252,19-7419,physics,79.41176470588235
3253,19-7422,cs,96.55172413793103
3254,19-7422,electronics,92.85714285714286
3255,19-7422,evs,60.0
3256,19-7422,ge:maths,71.42857142857143
3257,19-7422,physics,77.77777777777779
3258,19-7424,cs,100.0
3259,19-7424,electronics,100.0
3260,19-7424,evs,93.33333333333333
3261,19-7424,ge:maths,100.0
3262,19-7424,physics,100.0
3263,19-7427,cs,68.0
3264,19-7427,electronics,90.625
3265,19-7427,evs,86.66666666666667
3266,19-7427,ge:marathi,87.5
3267,19-7427,physics,79.41176470588235
3268,19-7428,cs,72.0
3269,19-7428,electronics,93.75
3270,19-7428,evs,60.0
3271,19-7428,ge:marathi,93.75
3272,19-7428,physics,91.17647058823529
3273,19-7429,cs,92.0
3274,19-7429,electronics,100.0
3275,19-7429,evs,100.0
3276,19-7429,ge:psychology,100.0
3277,19-7429,physics,100.0
3278,19-7430,cs,100.0
3279,19-7430,electronics,100.0
3280,19-7430,evs,86.66666666666667
3281,19-7430,ge:maths,80.95238095238095
3282,19-7430,physics,100.0
3283,19-7432,cs,100.0
3284,19-7432,electronics,93.75
3285,19-7432,evs,93.33333333333333
3286,19-7432,ge:maths,100.0
3287,19-7432,physics,100.0
3288,19-7438,cs,84.0
3289,19-7438,electronics,84.375
3290,19-7438,evs,80.0
3291,19-7438,ge:botany,100.0
3292,19-7438,physics,97.05882352941177
3293,19-7439,cs,96.0
3294,19-7439,electronics,100.0
3295,19-7439,evs,86.66666666666667
3296,19-7439,ge:maths,90.47619047619048
3297,19-7439,physics,100.0
3298,19-7440,cs,96.0
3299,19-7440,electronics,100.0
3300,19-7440,evs,100.0
3301,19-7440,ge:english,100.0
3302,19-7440,physics,88.23529411764706
3303,19-7442,cs,52.0
3304,19-7442,electronics,50.0
3305,19-7442,evs,26.666666666666668
3306,19-7442,ge:maths,42.857142857142854
3307,19-7442,physics,35.294117647058826
3308,19-7443,cs,76.0
3309,19-7443,electronics,100.0
3310,19-7443,evs,93.33333333333333
3311,19-7443,ge:philosophy,100.0
3312,19-7443,physics,88.23529411764706
3313,19-7444,cs,72.0
3314,19-7444,electronics,100.0
3315,19-7444,evs,80.0
3316,19-7444,ge:maths,61.904761904761905
3317,19-7444,physics,61.76470588235294
3318,19-7445,cs,76.0
3319,19-7445,electronics,100.0
3320,19-7445,evs,66.66666666666666
3321,19-7445,ge:maths,80.95238095238095
3322,19-7445,physics,94.11764705882352
3323,19-7446,cs,76.0
3324,19-7446,electronics,84.375
3325,19-7446,evs,66.66666666666666
3326,19-7446,ge:maths,85.71428571428571
3327,19-7446,physics,76.47058823529412
3328,19-7447,cs,96.0
3329,19-7447,electronics,100.0
3330,19-7447,evs,80.0
3331,19-7447,ge:maths,95.23809523809523
3332,19-7447,physics,92.85714285714286
3333,19-7489,cs,78.125
3334,19-7489,electronics,100.0
3335,19-7501,botany,81.81818181818183
3336,19-7501,chemistry,81.48148148148148
3337,19-7501,evs,40.0
3338,19-7501,ge:english,40.0
3339,19-7501,micro,80.0
3340,19-7502,botany,100.0
3341,19-7502,chemistry,96.29629629629629
3342,19-7502,evs,80.0
3343,19-7502,ge:psychology,86.66666666666667
3344,19-7502,micro,96.66666666666667
3345,19-7503,botany,78.78787878787878
3346,19-7503,chemistry,96.29629629629629
3347,19-7503,evs,66.66666666666666
3348,19-7503,ge:cs,100.0
3349,19-7503,micro,93.33333333333333
3350,19-7504,botany,87.87878787878788
3351,19-7504,chemistry,96.29629629629629
3352,19-7504,evs,53.333333333333336
3353,19-7504,ge:cs,55.00000000000001
3354,19-7504,micro,86.66666666666667
3355,19-7507,botany,87.87878787878788
3356,19-7507,chemistry,88.88888888888889
3357,19-7507,evs,73.33333333333333
3358,19-7507,ge:maths,90.47619047619048
3359,19-7507,micro,80.0
3360,19-7508,botany,96.96969696969697
3361,19-7508,chemistry,100.0
3362,19-7508,evs,86.66666666666667
3363,19-7508,ge:english,86.66666666666667
3364,19-7508,micro,96.66666666666667
3365,19-7510,botany,90.9090909090909
3366,19-7510,chemistry,96.29629629629629
3367,19-7510,evs,60.0
3368,19-7510,ge:english,73.33333333333333
3369,19-7510,micro,93.33333333333333
3370,19-7511,botany,93.93939393939394
3371,19-7511,chemistry,92.5925925925926
3372,19-7511,evs,93.33333333333333
3373,19-7511,ge:psychology,93.33333333333333
3374,19-7511,micro,96.66666666666667
3375,19-7513,botany,96.96969696969697
3376,19-7513,chemistry,96.29629629629629
3377,19-7513,evs,73.33333333333333
3378,19-7513,ge:portuguese,100.0
3379,19-7513,micro,93.33333333333333
3380,19-7516,botany,100.0
3381,19-7516,chemistry,100.0
3382,19-7516,evs,93.33333333333333
3383,19-7516,ge:maths,100.0
3384,19-7516,micro,100.0
3385,19-7518,botany,100.0
3386,19-7518,chemistry,96.29629629629629
3387,19-7518,evs,73.33333333333333
3388,19-7518,ge:cs,90.0
3389,19-7518,micro,96.66666666666667
3390,19-7519,botany,100.0
3391,19-7519,chemistry,90.32258064516128
3392,19-7519,evs,66.66666666666666
3393,19-7519,ge:psychology,93.33333333333333
3394,19-7519,micro,96.66666666666667
3395,19-7521,botany,87.87878787878788
3396,19-7521,chemistry,96.7741935483871
3397,19-7521,evs,80.0
3398,19-7521,ge:maths,90.47619047619048
3399,19-7521,micro,76.66666666666667
3400,19-7522,botany,87.87878787878788
3401,19-7522,chemistry,100.0
3402,19-7522,evs,73.33333333333333
3403,19-7522,ge:psychology,93.33333333333333
3404,19-7522,micro,73.33333333333333
3405,19-7523,botany,100.0
3406,19-7523,chemistry,93.54838709677419
3407,19-7523,evs,80.0
3408,19-7523,ge:psychology,86.66666666666667
3409,19-7523,micro,93.33333333333333
3410,19-7524,botany,96.96969696969697
3411,19-7524,chemistry,93.54838709677419
3412,19-7524,evs,86.66666666666667
3413,19-7524,ge:psychology,80.0
3414,19-7524,micro,93.33333333333333
3415,19-7525,botany,96.96969696969697
3416,19-7525,chemistry,100.0
3417,19-7525,evs,86.66666666666667
3418,19-7525,ge:hindi,100.0
3419,19-7525,micro,96.66666666666667
3420,19-7527,botany,81.81818181818183
3421,19-7527,chemistry,83.87096774193549
3422,19-7527,evs,80.0
3423,19-7527,ge:psychology,66.66666666666666
3424,19-7527,micro,93.33333333333333
3425,19-7529,botany,93.93939393939394
3426,19-7529,chemistry,100.0
3427,19-7529,evs,80.0
3428,19-7529,ge:marketing management,93.75
3429,19-7529,micro,93.33333333333333
3430,19-7531,botany,96.96969696969697
3431,19-7531,chemistry,93.54838709677419
3432,19-7531,evs,93.33333333333333
3433,19-7531,ge:cs,80.0
3434,19-7531,micro,100.0
3435,19-7532,botany,100.0
3436,19-7532,chemistry,100.0
3437,19-7532,evs,100.0
3438,19-7532,ge:marathi,87.5
3439,19-7532,micro,100.0
3440,19-7533,botany,72.72727272727273
3441,19-7533,chemistry,90.32258064516128
3442,19-7533,evs,60.0
3443,19-7533,ge:marathi,87.5
3444,19-7533,micro,80.0
3445,19-7534,botany,96.96969696969697
3446,19-7534,chemistry,96.7741935483871
3447,19-7534,evs,53.333333333333336
3448,19-7534,ge:marathi,100.0
3449,19-7534,micro,86.66666666666667
3450,19-7536,botany,69.6969696969697
3451,19-7536,chemistry,85.18518518518519
3452,19-7536,evs,66.66666666666666
3453,19-7536,ge:psychology,93.33333333333333
3454,19-7536,micro,90.0
3455,19-7537,botany,100.0
3456,19-7537,chemistry,100.0
3457,19-7537,evs,86.66666666666667
3458,19-7537,ge:french,100.0
3459,19-7537,micro,100.0
3460,19-7538,botany,87.87878787878788
3461,19-7538,chemistry,92.5925925925926
3462,19-7538,evs,66.66666666666666
3463,19-7538,ge:psychology,93.33333333333333
3464,19-7538,micro,86.66666666666667
3465,19-7539,botany,93.93939393939394
3466,19-7539,chemistry,96.29629629629629
3467,19-7539,evs,80.0
3468,19-7539,ge:english,100.0
3469,19-7539,micro,80.0
3470,19-7540,botany,100.0
3471,19-7540,chemistry,96.29629629629629
3472,19-7540,evs,73.33333333333333
3473,19-7540,ge:psychology,93.33333333333333
3474,19-7540,micro,96.66666666666667
3475,19-7541,botany,90.9090909090909
3476,19-7541,chemistry,92.5925925925926
3477,19-7541,evs,60.0
3478,19-7541,ge:psychology,86.66666666666667
3479,19-7541,micro,90.0
3480,19-7542,botany,69.6969696969697
3481,19-7542,chemistry,92.5925925925926
3482,19-7542,evs,46.666666666666664
3483,19-7542,ge:geography,88.23529411764706
3484,19-7542,micro,90.0
3485,19-7543,botany,81.81818181818183
3486,19-7543,chemistry,92.5925925925926
3487,19-7543,evs,60.0
3488,19-7543,ge:electronics,100.0
3489,19-7543,micro,100.0
3490,19-7544,botany,66.66666666666666
3491,19-7544,chemistry,92.5925925925926
3492,19-7544,evs,60.0
3493,19-7544,ge:hindi,100.0
3494,19-7544,micro,73.33333333333333
3495,19-7545,botany,78.78787878787878
3496,19-7545,chemistry,96.29629629629629
3497,19-7545,evs,93.33333333333333
3498,19-7545,ge:hindi,100.0
3499,19-7545,micro,93.33333333333333
3500,19-7546,botany,86.20689655172413
3501,19-7546,chemistry,88.88888888888889
3502,19-7546,evs,53.333333333333336
3503,19-7546,ge:english,86.66666666666667
3504,19-7546,micro,70.0
3505,19-7547,botany,79.3103448275862
3506,19-7547,chemistry,85.18518518518519
3507,19-7547,evs,80.0
3508,19-7547,ge:english,93.33333333333333
3509,19-7547,micro,86.66666666666667
3510,19-7548,botany,93.10344827586206
3511,19-7548,chemistry,100.0
3512,19-7548,evs,86.66666666666667
3513,19-7548,ge:psychology,93.33333333333333
3514,19-7548,micro,96.66666666666667
3515,19-7549,botany,89.65517241379311
3516,19-7549,chemistry,92.3076923076923
3517,19-7549,evs,66.66666666666666
3518,19-7549,ge:english,100.0
3519,19-7549,micro,90.0
3520,19-7550,botany,82.75862068965517
3521,19-7550,chemistry,100.0
3522,19-7550,evs,86.66666666666667
3523,19-7550,ge:geography,88.23529411764706
3524,19-7550,micro,80.0
3525,19-7551,botany,82.75862068965517
3526,19-7551,chemistry,92.3076923076923
3527,19-7551,evs,66.66666666666666
3528,19-7551,ge:electronics,100.0
3529,19-7551,micro,100.0
3530,19-7553,botany,96.55172413793103
3531,19-7553,chemistry,94.87179487179486
3532,19-7553,evs,66.66666666666666
3533,19-7553,ge:psychology,93.33333333333333
3534,19-7553,micro,96.66666666666667
3535,19-7554,botany,89.65517241379311
3536,19-7554,chemistry,94.87179487179486
3537,19-7554,evs,73.33333333333333
3538,19-7554,ge:konkani,81.81818181818183
3539,19-7554,micro,96.66666666666667
3540,19-7555,botany,96.55172413793103
3541,19-7555,chemistry,100.0
3542,19-7555,evs,86.66666666666667
3543,19-7555,ge:psychology,100.0
3544,19-7555,micro,100.0
3545,19-7556,botany,72.41379310344827
3546,19-7556,chemistry,100.0
3547,19-7556,evs,80.0
3548,19-7556,ge:cs,65.0
3549,19-7556,micro,80.0
3550,19-7557,botany,96.55172413793103
3551,19-7557,chemistry,97.43589743589743
3552,19-7557,evs,80.0
3553,19-7557,ge:maths,90.47619047619048
3554,19-7557,micro,96.66666666666667
3555,19-7559,botany,65.51724137931035
3556,19-7559,chemistry,97.43589743589743
3557,19-7559,evs,100.0
3558,19-7559,ge:cs,80.0
3559,19-7559,micro,96.66666666666667
3560,19-7560,botany,62.06896551724138
3561,19-7560,chemistry,87.17948717948718
3562,19-7560,evs,66.66666666666666
3563,19-7560,ge:psychology,80.0
3564,19-7560,micro,86.66666666666667
3565,19-7561,botany,86.20689655172413
3566,19-7561,chemistry,94.87179487179486
3567,19-7561,evs,73.33333333333333
3568,19-7561,ge:psychology,80.0
3569,19-7561,micro,86.66666666666667
3570,19-7562,botany,93.10344827586206
3571,19-7562,chemistry,100.0
3572,19-7562,evs,86.66666666666667
3573,19-7562,ge:cs,60.0
3574,19-7562,ge:marathi,100.0
3575,19-7562,micro,90.0
3576,19-7564,botany,82.75862068965517
3577,19-7564,chemistry,100.0
3578,19-7564,evs,86.66666666666667
3579,19-7564,ge:cs,80.0
3580,19-7564,micro,83.33333333333334
3581,19-7567,botany,79.3103448275862
3582,19-7567,chemistry,96.29629629629629
3583,19-7567,evs,100.0
3584,19-7567,ge:hindi,100.0
3585,19-7567,micro,90.0
3586,19-7568,botany,90.9090909090909
3587,19-7568,chemistry,85.18518518518519
3588,19-7568,evs,100.0
3589,19-7568,ge:english,100.0
3590,19-7568,micro,93.33333333333333
3591,19-7569,botany,96.96969696969697
3592,19-7569,chemistry,100.0
3593,19-7569,evs,93.33333333333333
3594,19-7569,ge:psychology,100.0
3595,19-7569,micro,100.0
3596,19-7570,botany,100.0
3597,19-7570,chemistry,100.0
3598,19-7570,evs,100.0
3599,19-7570,ge:hindi,100.0
3600,19-7570,micro,100.0
3601,19-7571,botany,96.96969696969697
3602,19-7571,chemistry,77.77777777777779
3603,19-7571,evs,80.0
3604,19-7571,ge:english,100.0
3605,19-7571,micro,93.33333333333333
3606,19-7574,botany,93.93939393939394
3607,19-7574,chemistry,96.29629629629629
3608,19-7574,evs,73.33333333333333
3609,19-7574,ge:psychology,86.66666666666667
3610,19-7574,micro,93.33333333333333
3611,19-7575,botany,93.93939393939394
3612,19-7575,chemistry,100.0
3613,19-7575,evs,73.33333333333333
3614,19-7575,ge:konkani,45.45454545454545
3615,19-7575,micro,96.66666666666667
3616,19-7576,botany,96.96969696969697
3617,19-7576,chemistry,100.0
3618,19-7576,evs,93.33333333333333
3619,19-7576,ge:marathi,100.0
3620,19-7576,micro,100.0
3621,19-7577,botany,96.96969696969697
3622,19-7577,chemistry,96.29629629629629
3623,19-7577,evs,80.0
3624,19-7577,ge:english,93.33333333333333
3625,19-7577,micro,83.33333333333334
3626,19-7578,botany,96.96969696969697
3627,19-7578,chemistry,96.29629629629629
3628,19-7578,evs,80.0
3629,19-7578,ge:maths,95.23809523809523
3630,19-7578,micro,86.66666666666667
3631,19-7580,botany,84.84848484848484
3632,19-7580,chemistry,100.0
3633,19-7580,evs,73.33333333333333
3634,19-7580,ge:hindi,100.0
3635,19-7580,micro,86.66666666666667
3636,19-7601,botany,93.10344827586206
3637,19-7601,chemistry,92.85714285714286
3638,19-7601,evs,80.0
3639,19-7601,ge:konkani,63.63636363636363
3640,19-7601,micro,89.74358974358975
3641,19-7602,botany,93.10344827586206
3642,19-7602,chemistry,78.57142857142857
3643,19-7602,evs,86.66666666666667
3644,19-7602,ge:english,80.0
3645,19-7602,micro,97.43589743589743
3646,19-7603,botany,82.75862068965517
3647,19-7603,chemistry,92.85714285714286
3648,19-7603,evs,100.0
3649,19-7603,ge:psychology,100.0
3650,19-7603,micro,89.74358974358975
3651,19-7605,botany,100.0
3652,19-7605,chemistry,92.85714285714286
3653,19-7605,evs,86.66666666666667
3654,19-7605,ge:cs,94.44444444444444
3655,19-7605,micro,97.43589743589743
3656,19-7606,botany,89.65517241379311
3657,19-7606,chemistry,85.71428571428571
3658,19-7606,evs,80.0
3659,19-7606,ge:psychology,80.0
3660,19-7606,micro,100.0
3661,19-7608,evs,100.0
3662,19-7608,ge:konkani,0.0
3663,19-7609,botany,100.0
3664,19-7609,chemistry,92.85714285714286
3665,19-7609,evs,93.33333333333333
3666,19-7609,ge:french,100.0
3667,19-7609,micro,100.0
3668,19-7610,botany,27.586206896551722
3669,19-7610,chemistry,7.142857142857142
3670,19-7610,evs,6.666666666666667
3671,19-7610,ge:psychology,6.666666666666667
3672,19-7610,micro,20.51282051282051
3673,19-7613,botany,89.65517241379311
3674,19-7613,chemistry,96.42857142857143
3675,19-7613,evs,100.0
3676,19-7613,ge:history,92.85714285714286
3677,19-7613,micro,94.87179487179486
3678,19-7615,botany,93.10344827586206
3679,19-7615,chemistry,82.14285714285714
3680,19-7615,evs,80.0
3681,19-7615,ge:psychology,86.66666666666667
3682,19-7615,micro,100.0
3683,19-7617,botany,82.75862068965517
3684,19-7617,chemistry,82.14285714285714
3685,19-7617,evs,73.33333333333333
3686,19-7617,ge:psychology,86.66666666666667
3687,19-7617,micro,94.87179487179486
3688,19-7618,botany,96.55172413793103
3689,19-7618,chemistry,85.71428571428571
3690,19-7618,evs,73.33333333333333
3691,19-7618,ge:cs,83.33333333333334
3692,19-7618,micro,89.74358974358975
3693,19-7620,botany,41.37931034482759
3694,19-7620,chemistry,56.25
3695,19-7620,evs,0.0
3696,19-7620,micro,20.51282051282051
3697,19-7623,botany,82.75862068965517
3698,19-7623,chemistry,96.875
3699,19-7623,evs,60.0
3700,19-7623,ge:marathi,12.5
3701,19-7623,micro,79.48717948717949
3702,19-7625,botany,96.55172413793103
3703,19-7625,chemistry,100.0
3704,19-7625,evs,80.0
3705,19-7625,ge:cs,94.44444444444444
3706,19-7625,micro,89.74358974358975
3707,19-7626,botany,62.06896551724138
3708,19-7626,chemistry,93.75
3709,19-7626,evs,86.66666666666667
3710,19-7626,ge:cs,22.22222222222222
3711,19-7626,micro,61.53846153846154
3712,19-7627,botany,93.10344827586206
3713,19-7627,chemistry,96.875
3714,19-7627,evs,86.66666666666667
3715,19-7627,ge:psychology,93.33333333333333
3716,19-7627,micro,94.87179487179486
3717,19-7628,botany,96.55172413793103
3718,19-7628,chemistry,100.0
3719,19-7628,evs,86.66666666666667
3720,19-7628,ge:marathi,93.75
3721,19-7628,micro,87.17948717948718
3722,19-7629,botany,96.55172413793103
3723,19-7629,chemistry,100.0
3724,19-7629,evs,100.0
3725,19-7629,ge:cs,100.0
3726,19-7629,micro,100.0
3727,19-7631,botany,86.20689655172413
3728,19-7631,chemistry,96.875
3729,19-7631,evs,73.33333333333333
3730,19-7631,ge:french,91.66666666666666
3731,19-7631,micro,82.05128205128204
3732,19-7633,botany,86.20689655172413
3733,19-7633,chemistry,93.75
3734,19-7633,evs,66.66666666666666
3735,19-7633,ge:hindi,100.0
3736,19-7633,micro,79.48717948717949
3737,19-7634,botany,100.0
3738,19-7634,chemistry,84.375
3739,19-7634,evs,86.66666666666667
3740,19-7634,ge:konkani,100.0
3741,19-7634,micro,100.0
3742,19-7637,botany,96.55172413793103
3743,19-7637,chemistry,96.875
3744,19-7637,evs,100.0
3745,19-7637,ge:english,100.0
3746,19-7637,micro,100.0
3747,19-7638,botany,100.0
3748,19-7638,chemistry,100.0
3749,19-7638,evs,100.0
3750,19-7638,ge:marathi,100.0
3751,19-7638,micro,100.0
3752,19-7639,botany,79.3103448275862
3753,19-7639,chemistry,90.625
3754,19-7639,evs,80.0
3755,19-7639,ge:portuguese,100.0
3756,19-7639,micro,76.92307692307693
3757,19-7640,botany,93.10344827586206
3758,19-7640,chemistry,96.875
3759,19-7640,evs,86.66666666666667
3760,19-7640,ge:banking,87.5
3761,19-7640,micro,82.05128205128204
3762,19-7642,botany,100.0
3763,19-7642,chemistry,100.0
3764,19-7642,evs,93.33333333333333
3765,19-7642,ge:sociology,100.0
3766,19-7642,micro,97.43589743589743
3767,19-7643,botany,82.75862068965517
3768,19-7643,chemistry,90.625
3769,19-7643,evs,53.333333333333336
3770,19-7643,ge:marathi,62.5
3771,19-7643,micro,84.61538461538461
3772,19-7645,botany,86.20689655172413
3773,19-7645,chemistry,100.0
3774,19-7645,evs,80.0
3775,19-7645,ge:psychology,100.0
3776,19-7645,micro,89.74358974358975
3777,19-7647,botany,100.0
3778,19-7647,chemistry,84.375
3779,19-7647,evs,86.66666666666667
3780,19-7647,ge:psychology,86.66666666666667
3781,19-7647,micro,97.43589743589743
3782,19-7649,botany,93.10344827586206
3783,19-7649,chemistry,87.5
3784,19-7649,evs,80.0
3785,19-7649,ge:maths,95.23809523809523
3786,19-7649,micro,84.61538461538461
3787,19-7653,botany,93.10344827586206
3788,19-7653,chemistry,100.0
3789,19-7653,evs,80.0
3790,19-7653,ge:history,78.57142857142857
3791,19-7653,micro,87.17948717948718
3792,19-7654,botany,93.10344827586206
3793,19-7654,chemistry,84.375
3794,19-7654,evs,80.0
3795,19-7654,ge:english,93.33333333333333
3796,19-7654,micro,84.61538461538461
3797,19-7655,botany,89.65517241379311
3798,19-7655,chemistry,75.0
3799,19-7655,evs,40.0
3800,19-7655,ge:psychology,80.0
3801,19-7655,micro,58.97435897435898
3802,19-7657,botany,79.3103448275862
3803,19-7657,chemistry,84.375
3804,19-7657,evs,66.66666666666666
3805,19-7657,ge:english,73.33333333333333
3806,19-7657,micro,69.23076923076923
3807,19-7658,botany,100.0
3808,19-7658,chemistry,100.0
3809,19-7658,evs,93.33333333333333
3810,19-7658,ge:marathi,87.5
3811,19-7658,micro,100.0
3812,19-7659,botany,93.10344827586206
3813,19-7659,chemistry,93.75
3814,19-7659,evs,80.0
3815,19-7659,ge:geography,76.47058823529412
3816,19-7659,micro,79.48717948717949
3817,19-7660,botany,96.55172413793103
3818,19-7660,chemistry,92.5
3819,19-7660,evs,80.0
3820,19-7660,ge:psychology,86.66666666666667
3821,19-7660,micro,100.0
3822,19-7661,botany,100.0
3823,19-7661,chemistry,100.0
3824,19-7661,evs,93.33333333333333
3825,19-7661,ge:cs,100.0
3826,19-7661,micro,94.87179487179486
3827,19-7663,botany,100.0
3828,19-7663,chemistry,95.0
3829,19-7663,evs,93.33333333333333
3830,19-7663,ge:psychology,80.0
3831,19-7663,micro,100.0
3832,19-7664,botany,100.0
3833,19-7664,chemistry,97.5
3834,19-7664,evs,80.0
3835,19-7664,ge:cs,66.66666666666666
3836,19-7664,ge:marathi,62.5
3837,19-7664,micro,92.3076923076923
3838,19-7665,botany,93.10344827586206
3839,19-7665,chemistry,85.0
3840,19-7665,evs,80.0
3841,19-7665,ge:portuguese,100.0
3842,19-7665,micro,87.17948717948718
3843,19-7667,botany,79.3103448275862
3844,19-7667,chemistry,82.5
3845,19-7667,evs,40.0
3846,19-7667,ge:english,13.333333333333334
3847,19-7667,micro,61.53846153846154
3848,19-7669,botany,93.10344827586206
3849,19-7669,chemistry,85.0
3850,19-7669,evs,60.0
3851,19-7669,ge:cs,66.66666666666666
3852,19-7669,ge:marathi,75.0
3853,19-7669,micro,69.23076923076923
3854,19-7670,botany,89.65517241379311
3855,19-7670,chemistry,95.0
3856,19-7670,evs,80.0
3857,19-7670,ge:english,80.0
3858,19-7670,micro,71.7948717948718
3859,19-7672,botany,89.65517241379311
3860,19-7672,chemistry,92.5
3861,19-7672,evs,80.0
3862,19-7672,ge:geography,82.35294117647058
3863,19-7672,micro,84.61538461538461
3864,19-7673,botany,89.65517241379311
3865,19-7673,chemistry,87.5
3866,19-7673,evs,93.33333333333333
3867,19-7673,ge:english,100.0
3868,19-7673,micro,84.61538461538461
3869,19-7676,botany,100.0
3870,19-7676,chemistry,100.0
3871,19-7676,evs,93.33333333333333
3872,19-7676,ge:electronics,100.0
3873,19-7676,micro,100.0
3874,19-7677,botany,79.3103448275862
3875,19-7677,chemistry,93.75
3876,19-7677,evs,100.0
3877,19-7677,ge:marathi,100.0
3878,19-7677,micro,92.3076923076923
3879,19-7678,botany,96.55172413793103
3880,19-7678,chemistry,93.75
3881,19-7678,evs,86.66666666666667
3882,19-7678,ge:maths,95.23809523809523
3883,19-7678,micro,97.43589743589743
3884,19-7679,botany,93.10344827586206
3885,19-7679,chemistry,100.0
3886,19-7679,evs,93.33333333333333
3887,19-7679,ge:psychology,100.0
3888,19-7679,micro,94.87179487179486
3889,19-7681,botany,79.3103448275862
3890,19-7681,chemistry,68.75
3891,19-7681,evs,46.666666666666664
3892,19-7681,ge:hindi,0.0
3893,19-7681,micro,30.76923076923077
3894,19-7682,botany,100.0
3895,19-7682,chemistry,81.25
3896,19-7682,evs,86.66666666666667
3897,19-7682,ge:cs,77.77777777777779
3898,19-7682,micro,92.3076923076923
3899,19-7683,botany,96.55172413793103
3900,19-7683,chemistry,100.0
3901,19-7683,evs,100.0
3902,19-7683,ge:marathi,100.0
3903,19-7683,micro,100.0
3904,19-7685,botany,100.0
3905,19-7685,chemistry,100.0
3906,19-7685,evs,100.0
3907,19-7685,ge:konkani,90.9090909090909
3908,19-7685,micro,97.43589743589743
3909,19-7686,botany,86.20689655172413
3910,19-7686,chemistry,90.625
3911,19-7686,evs,93.33333333333333
3912,19-7686,ge:french,58.333333333333336
3913,19-7686,micro,92.3076923076923
3914,19-7687,botany,86.20689655172413
3915,19-7687,chemistry,100.0
3916,19-7687,evs,100.0
3917,19-7687,ge:english,100.0
3918,19-7687,micro,92.3076923076923
3919,19-7688,botany,100.0
3920,19-7688,chemistry,96.875
3921,19-7688,evs,86.66666666666667
3922,19-7688,ge:hindi,90.0
3923,19-7688,micro,94.87179487179486
3924,19-7690,botany,96.55172413793103
3925,19-7690,chemistry,96.875
3926,19-7690,evs,100.0
3927,19-7690,ge:psychology,100.0
3928,19-7690,micro,100.0
3929,19-7692,botany,100.0
3930,19-7692,chemistry,61.36363636363637
3931,19-7692,evs,80.0
3932,19-7692,ge:marathi,100.0
3933,19-7692,micro,89.74358974358975
3934,19-7693,botany,100.0
3935,19-7693,chemistry,100.0
3936,19-7693,evs,40.0
3937,19-7693,ge:psychology,100.0
3938,19-7693,micro,100.0
3939,19-8001,biotechnology,89.28571428571429
3940,19-8001,botany-biotechnology,74.19354838709677
3941,19-8001,evs,68.75
3942,19-8001,ge:biotechnology,75.0
3943,19-8002,biotechnology,71.42857142857143
3944,19-8002,botany-biotechnology,74.19354838709677
3945,19-8002,evs,87.5
3946,19-8002,ge:biotechnology,66.66666666666666
3947,19-8003,biotechnology,96.42857142857143
3948,19-8003,botany-biotechnology,96.7741935483871
3949,19-8003,evs,75.0
3950,19-8003,ge:biotechnology,91.66666666666666
3951,19-8005,biotechnology,98.21428571428571
3952,19-8005,botany-biotechnology,96.7741935483871
3953,19-8005,evs,93.75
3954,19-8005,ge:biotechnology,83.33333333333334
3955,19-8006,biotechnology,98.21428571428571
3956,19-8006,botany-biotechnology,100.0
3957,19-8006,evs,87.5
3958,19-8006,ge:biotechnology,91.66666666666666
3959,19-8007,biotechnology,87.5
3960,19-8007,botany-biotechnology,96.7741935483871
3961,19-8007,evs,93.75
3962,19-8007,ge:biotechnology,83.33333333333334
3963,19-8008,biotechnology,96.42857142857143
3964,19-8008,botany-biotechnology,96.7741935483871
3965,19-8008,evs,100.0
3966,19-8008,ge:biotechnology,91.66666666666666
3967,19-8009,biotechnology,100.0
3968,19-8009,botany-biotechnology,96.7741935483871
3969,19-8009,evs,87.5
3970,19-8009,ge:biotechnology,100.0
3971,19-8010,biotechnology,96.42857142857143
3972,19-8010,botany-biotechnology,80.64516129032258
3973,19-8010,evs,81.25
3974,19-8010,ge:biotechnology,83.33333333333334
3975,19-8014,biotechnology,96.42857142857143
3976,19-8014,botany-biotechnology,93.54838709677419
3977,19-8014,evs,87.5
3978,19-8014,ge:biotechnology,83.33333333333334
3979,19-8015,biotechnology,100.0
3980,19-8015,botany-biotechnology,96.7741935483871
3981,19-8015,evs,93.75
3982,19-8015,ge:biotechnology,100.0
3983,19-8016,biotechnology,91.07142857142857
3984,19-8016,botany-biotechnology,83.87096774193549
3985,19-8016,evs,81.25
3986,19-8016,ge:biotechnology,91.66666666666666
3987,19-8017,biotechnology,100.0
3988,19-8017,botany-biotechnology,100.0
3989,19-8017,evs,75.0
3990,19-8017,ge:biotechnology,100.0
3991,19-8018,biotechnology,92.85714285714286
3992,19-8018,botany-biotechnology,96.7741935483871
3993,19-8018,evs,75.0
3994,19-8018,ge:biotechnology,83.33333333333334
3995,19-8019,biotechnology,89.28571428571429
3996,19-8019,botany-biotechnology,87.09677419354838
3997,19-8019,evs,87.5
3998,19-8019,ge:biotechnology,91.66666666666666
3999,19-8020,biotechnology,71.42857142857143
4000,19-8020,botany-biotechnology,100.0
4001,19-8020,evs,43.75
4002,19-8020,ge:biotechnology,0.0
4003,19-8021,biotechnology,98.21428571428571
4004,19-8021,botany-biotechnology,100.0
4005,19-8021,evs,87.5
4006,19-8021,ge:biotechnology,91.66666666666666
4007,19-8023,biotechnology,100.0
4008,19-8023,botany-biotechnology,100.0
4009,19-8023,evs,93.75
4010,19-8023,ge:biotechnology,100.0
4011,19-8025,biotechnology,91.07142857142857
4012,19-8025,botany-biotechnology,100.0
4013,19-8025,evs,100.0
4014,19-8025,ge:biotechnology,100.0
4015,19-8026,biotechnology,87.5
4016,19-8026,botany-biotechnology,87.09677419354838
4017,19-8026,evs,56.25
4018,19-8026,ge:biotechnology,75.0
4019,19-8027,biotechnology,100.0
4020,19-8027,botany-biotechnology,100.0
4021,19-8027,evs,87.5
4022,19-8027,ge:biotechnology,91.66666666666666
4023,19-8028,biotechnology,100.0
4024,19-8028,botany-biotechnology,100.0
4025,19-8028,evs,87.5
4026,19-8028,ge:biotechnology,100.0
4027,19-8029,biotechnology,89.28571428571429
4028,19-8029,botany-biotechnology,77.41935483870968
4029,19-8029,evs,68.75
4030,19-8029,ge:biotechnology,75.0
4031,19-8030,biotechnology,100.0
4032,19-8030,botany-biotechnology,100.0
4033,19-8030,evs,93.75
4034,19-8030,ge:biotechnology,100.0
4035,19-8031,biotechnology,96.42857142857143
4036,19-8031,botany-biotechnology,96.7741935483871
4037,19-8031,evs,93.75
4038,19-8031,ge:biotechnology,83.33333333333334
4039,19-8032,biotechnology,96.42857142857143
4040,19-8032,botany-biotechnology,87.09677419354838
4041,19-8032,evs,93.75
4042,19-8032,ge:biotechnology,91.66666666666666
4043,19-8033,biotechnology,73.21428571428571
4044,19-8033,botany-biotechnology,87.09677419354838
4045,19-8033,evs,93.75
4046,19-8033,ge:biotechnology,58.333333333333336
4047,19-8035,biotechnology,94.64285714285714
4048,19-8035,botany-biotechnology,70.96774193548387
4049,19-8035,evs,81.25
4050,19-8035,ge:biotechnology,100.0
4051,19-8036,biotechnology,66.07142857142857
4052,19-8036,botany-biotechnology,48.38709677419355
4053,19-8036,evs,56.25
4054,19-8036,ge:biotechnology,75.0
4055,19-8037,biotechnology,96.42857142857143
4056,19-8037,botany-biotechnology,70.96774193548387
4057,19-8037,evs,75.0
4058,19-8037,ge:biotechnology,91.66666666666666
4059,19-8038,biotechnology,57.14285714285714
4060,19-8038,botany-biotechnology,83.87096774193549
4061,19-8038,evs,87.5
4062,19-8038,ge:biotechnology,83.33333333333334
